制作顺序,批次,编号,系统,任务,优先级,制作阶段状态,设计重点,交付范围与预计数量,复用与减量,依赖与接入边界,验收重点,现状依据
1,B1,F01-01,料理,料理锅正式模型与纹理,P0,已采用，交付齐全，未接入,宽口锅沿、内腔、把手与稳定锅底；生活器具材料,1模型+1套UV纹理+静止/烹饪2表现；3–5检查预览,七盒原型、现热源、原版火源,首项；12×10×12碰撞保持；世界工作态需真实状态,锅辨识、灰模、内外遮挡、UV、火源组合,art/cooking-v1；src/main/resources/assets/wildcraft/models/block/cooking_pot.json
2,B1,F01-02,料理,四类料理物品外观,P0,已采用，8PNG/8源稿交付齐全，未接入,普通蔬菜、保暖、耐热、精力4类同器皿料理,4方向×32/16=8PNG及8源稿；等级不另画,共用碗层；采用效果稿只作参考,F01-01材料基准；后续meal kind模型分流,32/16同物件、食材区别、非尖底、吃完返空碗语义,art/cooking-v1/meal.pixels.json；src/main/generated/assets/wildcraft/items/meal.json
3,B1,F01-03,料理,三类效果图标接入及HUD排布,P0,布局已采用，6PNG/6采用源稿复用，未接入,三效果图标、等级和倒计时排布,复用6PNG/6源稿；1布局规范+并存/缩放稿,3类已采用效果图；原版字体,效果图标不重画；温度后排布,三效果并存、多排心/吸收心、精力隐藏、中英文,src/client/java/dev/wildcraft/client/cooking/MealHud.java；本机补充采用成果
4,B1,F02-01,温度,七档温度HUD及图标,P0,已采用，2PNG/2源稿+七档组件交付齐全，未接入,上暖下冷、七档温度；先审v2,1组件+7档稿；复核已有32/16稿,温度v2待审稿；现七格与边缘色调,待用户采用现稿；不以待审作正式；F01-03联合排布,环境语义、七档可读、HUD缩放、专注优先、无强滤镜,src/client/java/dev/wildcraft/client/temperature/TemperatureHud.java；本机待审稿
5,B1,F01-04,料理,料理锅界面,P0,已采用，176×182底图/4层源稿+五状态交付齐全，未接入,锅界面与5状态阅读,1套176×182界面+5状态稿+布局参数,槽框、字体、碗；进度程序化,F01-01/02/03风格；固定5真实槽,status0未匹配、1缺热源、2烹饪、3缺碗、4待取；槽位不变,src/client/java/dev/wildcraft/client/cooking/CookingScreen.java
6,B2,F04-01,能源,有限电池正式外观,P0,已采用，模型/UV/物品图/窗口交付齐全，未接入,同一物理电池的外壳、铜点、电量窗口,1模型+1套UV+1图标方向，32/16适配；空/部分/满说明,现动态电量；共用机械材料,代表组起点；容量1000；F05-05复用同资产,物品/安装/充电器同设计、窗口填充与数字一致,art/energy-v1；src/client/java/dev/wildcraft/client/mechanics/MachineRenderer.java
7,B2,F04-02,能源,已采用电量图标接入,P0,已采用，4PNG/4源稿复用，遮罩/准确读数/五态规范齐全，未接入,满空端点图标与中间电量遮罩,复用4PNG/4源稿；1遮罩/映射规范,battery-status-icon-v1已采用,F04-01保持能源身份；不逐百分比画,端点不重画、三格连续填充、真实余量保留,src/client/java/dev/wildcraft/client/energy/ChargerScreen.java；本机补充采用成果
8,B2,F04-03,能源,充电器正式模型与纹理,P0,已采用，模型/64px图集/五态与电池装配齐全，未接入,充电器外形、接口与状态灯,1模型+1套UV；5状态表现,现cube_all/16原型；共用金属铜点,F04-01接口；现方块尺度与能源源规则,电池装配位置、无源与等待供电区分、固定红石源,art/energy-v1/charger.pixels.json；src/main/generated/assets/wildcraft/models/block/charger.json
9,B2,F04-04,能源,充电器界面,P0,已采用，176×166底图/4层源稿+五态中英文与悬停齐全，未接入,单槽充电UI与共享供电说明,1套176×166界面+5状态稿,已采用电量图标、槽框与字体,F04-02/03；1真实槽,无电池/无源/充电/满/等待；数字、容量、缩放,src/client/java/dev/wildcraft/client/energy/ChargerScreen.java
10,B2,F05-01,机械,主体/六节点/控制板正式外观,P0,已采用，主体/六节点/控制板模型+64px图集/32与16物品图齐全，未接入,主体、六节点与控制板；共享材质代表件,1模型+1图标方向+节点/控制板规范+图集小样,现主体几何；原版方块尺度,F04-01材料；1.4×0.65；控制板命中范围保持,六节点坐标、点击区、接头清楚、碰撞不改,art/mechanics-v1；src/main/java/dev/wildcraft/mechanics/MachineNodes.java
11,B2,F05-03,机械,风扇,P0,已采用，风扇模型/原生32与16物品图/转动及六向规范齐全，未接入,风扇轮毂/叶片/护框、轴心与排风方向,1模型+1图标方向+停/转参数,主体+电池共图集；现转动参数,F05-01节点/材料；有电工作,方向、轴心、安装旋转、停转与叶片轮廓,art/mechanics-v1/fan.pixels.json
12,B2,F05-05,机械,电池安装适配,P0,已采用，原电池六向/接点/窗口/遮挡规范齐全，未接入；底装落地待游戏验证,同电池六节点安装适配,不新增模型/图标；6节点检查与预览规范,全部复用F04-01,F04-01+F05-01；电池不是第九部件,安装/拆卸/充电器一致、电量窗口、预览遮挡,src/client/java/dev/wildcraft/client/mechanics/MachineRenderer.java
13,B2,F05-10,机械,安装预览与机械状态提示,P0,v01/v02已采用；八类与空壳六向透明/状态及四组合复核齐全；未接入,有效/无效/占用/启停；能量燃料冷却HUD,1状态规范+布局；代表件先验，B3后全件复核,同部件透明模型、绿色与琥珀、字体,F05-01/03/05；最终依赖B3六件,非仅颜色、节点读取、预览与真实安装一致、数值,src/client/java/dev/wildcraft/client/mechanics/MachinePresentation.java
14,B3,F05-02,机械,翼,P0,已采用，布木机械翼、原生32/16与六向参考齐全，未接入；底装与组合待游戏验证,被动翼的布木结构与朝向,1模型+1图标方向+朝向图,伞材料语言；机械接口/图集,B2代表组通过；被动无发电,不像手持伞另一款；被动语义、安装朝向、轮廓,art/mechanics-v1/wing.pixels.json
15,B3,F05-04,机械,火箭及空壳,P0,已采用，火箭/空壳共底模、原生32/16、六向与有限尾焰齐全，未接入；末刻/底装/组合待游戏验证,火箭喷口、工作与耗尽空壳,1底模+耗尽变体；2图标方向；尾焰参数,机械图集/接口；现有限燃料与原生尾焰,B2；80世界刻燃料；空壳非新部件,喷口外向、燃料0无持续尾焰、空壳区别、安装一致,art/mechanics-v1/rocket.pixels.json；art/mechanics-v1/spent_rocket.pixels.json
16,B3,F05-06,机械,弹簧,P0,已采用，弹簧模型/两姿态/原生32与16/六向齐全，未接入；弹射、复位和底装待游戏验证,弹簧底座/圈/推板与压缩伸展,1模型+1图标方向+压缩/弹出/冷却参数,共用轴/金属；现伸展参数,B2；真实冷却驱动,轴向、行程、停姿、冷却语义、不加刚体物理,art/mechanics-v1/spring.pixels.json
17,B3,F05-07,机械,轮子,P0,已采用，车轮模型/原生32/16/转动与六向及接地参考齐全，未接入；接地间隙/底装/组合待游戏验证,轮胎/轮毂分组与轴心,1模型+1图标方向+停/转参数,共用轮毂材质、现转动参数,B2；接地动力,轮胎轮毂区分、轴心、旋转方向、接地外观,art/mechanics-v1/wheel.pixels.json
18,B3,F05-08,机械,稳定器,P0,已采用，固定模型/原生32与16/当前两态灯与六向齐全，琥珀灯仅设计参考，未接入,稳定器体积与停/工作/缺电灯,1模型+1图标方向+3态规范,现active两态；共用灯面,B2；三态需后续补明确状态依据,停机不误当缺电、工作阅读、不虚构已同步状态,art/mechanics-v1/stabilizer.pixels.json
19,B3,F05-09,机械,浮力装置,P0,已采用，固定浮体/束带/原生32与16/六向及水线参考齐全，未接入,浮体与束带、水中读取,1模型+1图标方向+水中检查稿,机械接口/材质；原版水场景,B2；现载重与碰撞保持,非新船、水线、束带、安装遮挡、视觉vs碰撞,art/mechanics-v1/buoyancy.pixels.json
20,B4,F06-01,制造机,古代装置制造机正式外观,P0,v01已采用；封闭加工箱体/原生64图集/三态与实际渲染齐全；未接入,制造机入口/出口/框架与状态,1模型+1套UV；空闲/工作/完成3表现,B2/3机械材料；现cube_all原型,世界工作态需客户端可用状态；保持方块尺度,区别于充电器、无升级款、随机结果不预泄露,art/fabrication-v1；src/main/generated/assets/wildcraft/models/block/fabricator.json
21,B4,F06-02,制造机,制造界面,P0,v01已采用；原生176×192/五态中英/39槽与按钮及审稿交互齐全；未接入,制造进度与占用/待取区分,1套176×192界面+5状态稿,原版槽框/字体/按钮、程序进度,F06-01；2输入1输出，当前槽与按钮不改,可开始/不足/工作/完成但占位/成品待取；不显示待提交结果,src/client/java/dev/wildcraft/client/fabrication/FabricatorScreen.java
22,B4,F03-01,Fuse,通用组合外观与挂点,P0,v01已采用；四宿主/独立飞箭/三材料、多场景与手背1.00尺度齐全；未接入,剑/斧/盾/箭通用挂点与限体积,4宿主规范；共享连接件0–1必要时；多场景对照,真实原版宿主/材料；不做全组合模型,现受限拼接；手持背负尺度1.00基准,GUI/手/背/掉落/飞箭、附魔/染色/盾纹、穿插,art/fuse-v1；src/client/java/dev/wildcraft/client/fuse/FusionItemRenderer.java
23,B4,F03-02,Fuse,已融合标记与磨损可读性,P1,v01已采用；完整16/32符号、新5px角标及64×32图集与次数状态规范；未接入,先复核v1融合标记与次数读取,复核现32/16源稿；1标记落点/次数规范,待审fuse-status-icon-v1；原版文字,F03-01；用户采用后才作正式；不新增Fuse界面,标记不遮图、最高32次数不烘焙、实际槽位,src/client/java/dev/wildcraft/client/fuse/FusionPresentation.java；本机待审稿
24,B4,F03-03,Fuse,未知材料通用回退外观,P1,v01已采用；原生16回退/64×32四层图集2源稿2PNG及五挂点/四状态参考齐全；未接入,材料不可用的中性回退,1个2D符号或小模型择一+缺失状态稿,现屏障占位、说明文字、基础材质,F03-01；保留材料数据；第三方兼容需专项检查,不暗示元素仍有效；异常模型支持范围诚实,src/client/java/dev/wildcraft/client/fuse/FusionPresentation.java
25,B4,F03-04,Fuse,特殊材料及融合过程反馈,P1,v01已采用；五套短反馈参数、动态/时序/去重/预算/失败场景齐全；复用原版精灵、原创贴图0；未接入,火/冰/弹性命中与融合/拆卸短反馈,3命中语言+2事件规范；原创精灵0–3与全轮共享预算,原版火焰/减速/击退粒子；程序参数,F03-01；只支持现有类别,事件语义、短寿命、瞄准不遮挡、不逐材料独立特效,src/main/java/dev/wildcraft/fuse/FusionCombat.java；art/fuse-v1
26,B5,S01,音效配套,料理/能源/机械/制造/Fuse提示音,P1,v01已采用；12OGG/12母带/36分层与试听/事件规范齐全，0循环，未接入,烹饪/能源/机械/制造/Fuse事件声音,去重事件表；约8–12原创短音，循环0–3可选；母带/OGG/工程,原版短音占位；原专注2音保留,B1–B4事件与状态稳定；新事件接入另记,试听、音量、空间/距离、多台叠加、停机/卸载停止,src/main/resources/assets/wildcraft/sounds.json
27,B5,A09-C,角色完善,披风/鞘翅下的侧腰摆放,P1,v01已采用；五类侧腰/8可编辑场景/交互与穿插参考齐全，未接入,披风/鞘翅侧腰五类装备布局,5装备适配规范；2手臂×4姿态检查；非新装备模型,A09挂点/A10落定；原版装备,源采用比例1.00；后续布局接入；不加库存槽,手背尺寸、站/蹲/游泳/滑翔、披风鞘翅穿插,docs/AI-HANDOFF.md；src/client/java/dev/wildcraft/client/render/BackEquipmentLayer.java
28,B5,A07-A08-C,角色完善,探索动作衔接复核,P1,v01已采用；12场景/24可编辑时间线/动作对照与即时接管规范齐全，未接入,攀爬至开伞至取物/拉弓过渡,过渡检查；局部姿态修订0–若干，按问题定,已有标准/细手臂源稿,不预先重做整套动画；真实行为即时,不延迟攻击/收伞、双手占用、第一/第三人称,art/approved-v1；docs/CORE-ART-INTEGRATION.md
29,B5,A13-C,音效完善,专注音效混音复核,P1,v01已采用；8场景/2方案复核齐全，进入0.22／退出0.28，原音保留，未接入,现专注两短音的混音复核,2原音试听与必要音量参数，不固定新增音源,现OGG/WAV与工程,S01声音进入组合后再比较,战斗/雨雪/机器声可听、不盖重要原版提示,art/approved-v1；docs/CORE-ART-VERIFICATION.md
30,B6,F07-01,后续天气,风向/强度/阵风反馈,P2,条件待定，未启动,风向/强度/阵风信息层次,条件预算1提示组件、基础风线0–2；数量未锁,原版环境与粒子；已有伞/机械,风规则/方向/强度/阵风合同先定,不提前许诺天气接口；场景阅读与粒子预算,docs/ROADMAP.md；docs/NEXT-DEVELOPMENT-PLAN.md
31,B6,F07-02,后续天气,天气对伞与机械的响应,P2,条件待定，未启动,天气对伞/翼/机械参数响应,复用模型+响应参数；轻量精灵按必要，不新增固定模型,原版雨雪闪电水；温度已实现,正式天气响应合同；先复用F07-01,无批量群系重绘、无既定雨天攀爬滑落、无新能源,docs/ROADMAP.md
32,B6,R2-V,后续多人,多人局部林克时间识别提示,P2,条件待定，未启动,本人/观察者/目标的局部时间识别,机制通过后锁定提示；先保留原准星/后处理/音,已有单人表现，不做大型场特效,R2研究验证及正式作用范围；目前正式仅单人,不把未验证研究当正式、不画大型气泡/全服时间场,docs/R2-PREPARATION.md；docs/R2-CHECKPOINT.md
