编号,系统,任务,优先级,当前状态,待交付内容,已有可复用资产,约束与前置,源码或资料定位,核对结果,源码证据,核对事实,制作或接入澄清
F01-01,料理,料理锅正式模型与纹理,P0,可编辑功能原型已接入,1个锅体模型；1套UV/纹理；静止/烹饪表现稿,已有七盒模型和16×16锅体贴图,锅碰撞为16单位中的12×10×12；热源来自锅下原版营火/火焰,art/cooking-v1；src/main/resources/assets/wildcraft/models/block/cooking_pot.json,一致,/Volumes/仕事/Wildcraft/开发环境/project/src/main/java/dev/wildcraft/cooking/CookingPotBlock.java:17,当前锅为7方盒+16纹理，碰撞12×10×12；菜单和热源可用。,锅口/把手可改美术，不暗改碰撞；火源继续复用原版。
F01-02,料理,四类料理物品外观,P0,目前四类共用一张原型图,普通蔬菜/保暖/耐热/精力共4种基础外观；32/16原生适配,现meal.png；保暖和清凉已采用稿可作造型参考,七条配方按4个kind归类；I/II优先文字标识；模型分流需后续接入,art/cooking-v1/meal.pixels.json；src/main/generated/assets/wildcraft/items/meal.json,一致,/Volumes/仕事/Wildcraft/开发环境/project/src/main/java/dev/wildcraft/cooking/CookingRecipes.java:14,7配方对应kind0–3四类结果；当前meal资源没有按kind分流。,四类图足够；I/II用等级，不多画七份。分流修改数据生成/物品模型入口。
F01-03,料理,三类效果图标接入及HUD排布,P0,已采用图标源稿在本机；未接入,保暖/耐热/恢复3图标复用；1套等级与倒计时布局,warmth-meal-effect-v3；cooling-meal-effect-v2；stamina-recovery-effect-v2，各32/16,效果图标与具体菜品图区分；温度下方；三类并存和中英文缩放,src/client/java/dev/wildcraft/client/cooking/MealHud.java；本机补充采用成果,一致,/Volumes/仕事/Wildcraft/开发环境/project/src/client/java/dev/wildcraft/client/cooking/MealHud.java:17,HUD当前纯文字，三种效果并存；迁移包中6PNG+6Aseprite已采用且原哈希匹配。,已有图标复用；倒计时和等级保持字体；三行/缩放/红心避让需接入。
F01-04,料理,料理锅界面,P0,代码绘制功能原型,1套176×182逻辑尺寸布局；5种状态稿,原版字体/槽框/空碗；现CookingScreen,3食材+1空碗+1成品；匹配食材/缺热源/烹饪/缺碗/待取出,src/client/java/dev/wildcraft/client/cooking/CookingScreen.java,需澄清状态,/Volumes/仕事/Wildcraft/开发环境/project/src/main/java/dev/wildcraft/cooking/CookingPotEntity.java:50,现有0–4五状态，与176×182/三食材+空碗+成品布局相符。,“匹配食材”宜写“缺食材/未匹配配方”；这是status0提示，不是独立的已就绪状态。
F02-01,温度,七档温度HUD及图标,P0,7档代码指示已接入；图标v2待审,1个温度组件；7档状态稿；32/16图标审核和接入,ambient-temperature-icon-v2，上暖下冷；现七格+文字,心/精力下方；非摄氏度；普通冷热不新增惩罚；专注优先,src/client/java/dev/wildcraft/client/temperature/TemperatureHud.java；本机待审稿,一致,/Volumes/仕事/Wildcraft/开发环境/project/src/client/java/dev/wildcraft/client/temperature/TemperatureHud.java:64,7格+文字；仅左右最外4 GUI像素色调，最大14/255；专注时暂停色调。温度v2仍待审。,沿用非摄氏度语义、普通冷热无惩罚；上暖下冷图标先审稿。
F04-01,能源,有限电池正式外观,P0,16×16物品图及安装态几何为原型,1种电池设计；物品图；安装态模型/UV/电量窗口,art/energy-v1/battery.pixels.json；安装态现动态电量,容量1000由程序驱动；空/部分/满；与F05-05为同一资产,art/energy-v1；src/client/java/dev/wildcraft/client/mechanics/MachineRenderer.java,一致,/Volumes/仕事/Wildcraft/开发环境/project/src/client/java/dev/wildcraft/client/mechanics/MachineRenderer.java:46,物品16原型和程序方盒安装态已存在；电量窗口按余量动态变化。,同一电池设计跨物品、机械与充电器；F05-05不重复计新模型。
F04-02,能源,已采用电量图标接入,P0,满/空图标已采用；尚未接入现界面,复用满/空×32/16共4张PNG及源稿；填充遮罩规格,battery-status-icon-v1，三格红石能量,部分电量程序填充；保留真实数值，不按百分比逐张制作,src/client/java/dev/wildcraft/client/energy/ChargerScreen.java；本机补充采用成果,一致,/Volumes/仕事/Wildcraft/开发环境/project/src/client/java/dev/wildcraft/client/energy/ChargerScreen.java:16,现充电条程序填充；采用的满/空×32/16共4PNG+4Aseprite未进入运行资源。,统一三格/填充区域说明，保留真实数值；无需逐百分比画图。
F04-03,能源,充电器正式模型与纹理,P0,原版立方体+原创16×16原型贴图,1个方块模型及UV/纹理；电池接口/工作灯状态,现charger.png和cube_all模型,现方块格内尺度；无电池/无源/充电/满电/等待供电状态,art/energy-v1/charger.pixels.json；src/main/generated/assets/wildcraft/models/block/charger.json,一致,/Volumes/仕事/Wildcraft/开发环境/project/src/main/generated/assets/wildcraft/models/block/charger.json:2,充电器仍为cube_all+16原创原型纹理，没有已制作的正式模型。,更新数据生成入口，工作灯/接口状态需要配套接入，不能仅换贴图。
F04-04,能源,充电器界面,P0,代码绘制功能原型,1套176×166逻辑尺寸布局；5种状态稿,原版槽框/字体；已采用电量图标,只有1真实电池槽；余量/容量/共享供电提示；不增能源网络UI,src/client/java/dev/wildcraft/client/energy/ChargerScreen.java,一致,/Volumes/仕事/Wildcraft/开发环境/project/src/main/java/dev/wildcraft/energy/ChargerEntity.java:38,单真实槽；0无电池/1无固定源/2充电/3满/4等共享供电五状态。,176×166沿用原版默认容器布局；本轮未启动GUI重测。
F05-01,机械,主体/六节点/控制板正式外观,P0,彩色方盒几何+8×8白材质原型,1个主体模型；1个物品图；共用节点接口；控制板,machine_body.png；MachineRenderer；MachineNodes,主体1.4×0.65方块，六固定节点；不改变碰撞/交互位置,art/mechanics-v1；src/main/java/dev/wildcraft/mechanics/MachineNodes.java,需补制作坐标,/Volumes/仕事/Wildcraft/开发环境/project/src/main/java/dev/wildcraft/mechanics/MachineNodes.java:22,1.4×0.65主体、6固定节点及顶部可操作区存在；控制板视觉范围比点击区大。,须给设计稿标注panel命中边界和六节点坐标，不直接把整块可见板当可点击范围。
F05-02,机械,翼,P0,图标和安装态原型已接入,1模型；1物品图；布/木材质；安装朝向说明,wing.pixels.json；现被动翼几何,翼为被动部件；不添加风力发电或复杂布料物理,art/mechanics-v1/wing.pixels.json,一致,/Volumes/仕事/Wildcraft/开发环境/project/src/client/java/dev/wildcraft/client/mechanics/MachineRenderer.java:50,翼图标和安装几何已存在，合同为不耗电被动滑翔面。,同造型的物品/安装稿；无风力发电或复杂布料。
F05-03,机械,风扇,P0,图标/几何/工作转动已接入,1模型；1物品图；轮毂/叶片分组；停/转参数,fan.pixels.json；现风叶工作转动,说明轴心、转向、推力/排风方向；电量不足停转,art/mechanics-v1/fan.pixels.json,一致,/Volumes/仕事/Wildcraft/开发环境/project/src/client/java/dev/wildcraft/client/mechanics/MachineRenderer.java:71,风扇原型已按实际active工作位转叶，预览静止。,正式模型需活动组、轴心/方向，停转不能只靠贴图。
F05-04,机械,火箭及空壳,P0,图标/几何/外向尾焰/耗尽物品已接入,1模型及工作/耗尽变体；完整/空壳2物品图；尾焰表现,rocket.pixels.json；spent_rocket.pixels.json,一次有限燃料；喷口方向与节点一致；不重画每档燃料,art/mechanics-v1/rocket.pixels.json；art/mechanics-v1/spent_rocket.pixels.json,一致,/Volumes/仕事/Wildcraft/开发环境/project/src/main/java/dev/wildcraft/mechanics/MechanicsContent.java:41,完整/空壳已有不同物品图；安装几何共用kind4，工作带外向方盒尾焰。,正式耗尽变体仍需制作；空壳不计第九类部件。
F05-05,机械,电池安装适配,P0,安装态动态余量已接入；造型为原型,复用F04-01，补六节点安装和预览检查,同一有限电池，不另做第九种部件,只适配安装/拆卸/充电器一致性；总量统计不重复算模型,src/client/java/dev/wildcraft/client/mechanics/MachineRenderer.java,一致,/Volumes/仕事/Wildcraft/开发环境/project/src/client/java/dev/wildcraft/client/mechanics/MachineRenderer.java:31,安装预览与真实电量都走同一有限电池类型。,只做F04-01的节点适配/回收/充电器一致性检查。
F05-06,机械,弹簧,P0,图标/几何/有限伸展已接入,1模型；1物品图；压缩/弹出/冷却表现参数,spring.pixels.json；现伸展动画,分清底座/弹簧/推板；按实际冷却状态驱动,art/mechanics-v1/spring.pixels.json,一致,/Volumes/仕事/Wildcraft/开发环境/project/src/client/java/dev/wildcraft/client/mechanics/MachineRenderer.java:60,弹簧原型按冷却阶段伸展，已有可编辑状态参数。,分底座/弹簧/推板；压缩/弹出/冷却稿配实际参数。
F05-07,机械,轮子,P0,图标/几何/工作转动已接入,1模型；1物品图；轮毂/轮胎分组和轴心,wheel.pixels.json；现轮辐转动,接地动力；停/转区分；不加入悬挂刚体物理,art/mechanics-v1/wheel.pixels.json,一致,/Volumes/仕事/Wildcraft/开发环境/project/src/client/java/dev/wildcraft/client/mechanics/MachineRenderer.java:53,轮子原型及实际active轮辐转动已存在。,正式轮胎/轮毂分组并保留轴心；不扩充刚体悬挂。
F05-08,机械,稳定器,P0,图标/几何/供电工作灯已接入,1模型；1物品图；停/工作/缺电状态,stabilizer.pixels.json；现工作保持展示水平,有限供电；工作灯与实际active对应,art/mechanics-v1/stabilizer.pixels.json,一致,/Volumes/仕事/Wildcraft/开发环境/project/src/client/java/dev/wildcraft/client/mechanics/MachineRenderer.java:64,稳定器现有灯只按active分两色，供电时保持水平展示。,缺电第三态属于待制作/待接入；不能把所有active=false都判成缺电。
F05-09,机械,浮力装置,P0,图标/安装态原型已接入,1模型；1物品图；浮体/束带材质；水中检查稿,buoyancy.pixels.json；现水中浮力几何,水中有限承载；设备不是新船种；水线表现按后续可用状态,art/mechanics-v1/buoyancy.pixels.json,一致,/Volumes/仕事/Wildcraft/开发环境/project/src/client/java/dev/wildcraft/client/mechanics/MachineRenderer.java:66,浮体原型与束带方盒可见，水中浮力合同与源码存在。,材质/水线稿按真实可用状态；不新建船型或模型外碰撞。
F05-10,机械,安装预览与机械状态提示,P0,绿色有效预览/琥珀选中提示和文字HUD已接入,1套可安装/不可安装/占用/启停状态视觉规范；电量/燃料/冷却布局,现半透明几何、节点高亮、文字HUD,复用同一部件模型；文字/轮廓辅助颜色；不新增蓝图/编辑器,src/client/java/dev/wildcraft/client/mechanics/MachinePresentation.java,一致,/Volumes/仕事/Wildcraft/开发环境/project/src/client/java/dev/wildcraft/client/mechanics/MachinePresentation.java:28,现绿色有效预览、琥珀选中、文字状态及燃料/冷却信息可编辑。,无效/占用/停机的完整视觉规范仍待做；复用同一部件几何。
F06-01,制造机,古代装置制造机正式外观,P0,立方体+原创16×16原型贴图,1模型及UV/纹理；空闲/工作/完成状态稿,fabricator.pixels.json；现cube_all模型,保持当前方块尺度；不提前泄露未完成随机结果；不增升级款,art/fabrication-v1；src/main/generated/assets/wildcraft/models/block/fabricator.json,一致,/Volumes/仕事/Wildcraft/开发环境/project/src/main/generated/assets/wildcraft/models/block/fabricator.json:2,制造机仍cube_all+16原型，世界中的工作外观尚未有正式模型。,状态只经菜单数据展示；世界动件/灯需要后续客户端状态接入，不泄露未完成结果。
F06-02,制造机,制造界面,P0,代码绘制功能原型,1套176×192逻辑尺寸布局；5种状态稿,原版按钮/槽框/字体；FabricatorScreen,2输入+1输出；4铜+2红石；100刻；八类各12.5%；结果仅完成后显示,src/client/java/dev/wildcraft/client/fabrication/FabricatorScreen.java,需澄清状态,/Volumes/仕事/Wildcraft/开发环境/project/src/main/java/dev/wildcraft/fabrication/FabricatorEntity.java:39,176×192、2输入+1输出、4铜+2红石、100刻、八类等概率相符。,状态3是任务结束但输出格占用；状态4是成品已入输出槽。五张状态稿需把两者明确区分。
F03-01,Fuse,通用组合外观与挂点,P0,原版宿主+材料模型的有界拼接原型,1套剑/斧/盾/箭4类挂点与体积规范；必要时共享连接件,原版真实宿主/材料模型；现GUI/手/掉落/背负/飞箭显示,不按所有物品组合全量建模；保留附魔/盾图案/染色,art/fuse-v1；src/client/java/dev/wildcraft/client/fuse/FusionItemRenderer.java,一致,/Volumes/仕事/Wildcraft/开发环境/project/src/client/java/dev/wildcraft/client/fuse/FusionItemRenderer.java:28,原生宿主+有界材料模型已接入；物品.32、飞箭.22模型包围盒归一基线。,剑/斧/盾/箭分别出挂点约束；不为每个材料组合全量建模，不只靠换PNG。
F03-02,Fuse,已融合标记与磨损可读性,P1,标记首稿待审；当前文字与提示已实现,复核现32/16标记；1套标记和剩余次数展示稿,fuse-status-icon-v1；现物品提示,先确定现物品栏/提示里的落点；不新增Fuse界面/工作台,src/client/java/dev/wildcraft/client/fuse/FusionPresentation.java；本机待审稿,一致,/Volumes/仕事/Wildcraft/开发环境/project/src/client/java/dev/wildcraft/client/fuse/FusionPresentation.java:19,当前tooltip显示材料/余次/类别；32/16标记稿存在，采用状态仍待审。,先确定标记位置并审稿；不新增大型Fuse页面。
F03-03,Fuse,未知材料通用回退外观,P1,目前采用原版屏障图标回退,1个中性回退符号或小型占位模型；缺失状态稿,现FusionPresentation降级和文字说明,材料不可用时保留原数据；图案不暗示仍有元素能力,src/client/java/dev/wildcraft/client/fuse/FusionPresentation.java,一致,/Volumes/仕事/Wildcraft/开发环境/project/src/client/java/dev/wildcraft/client/fuse/FusionPresentation.java:16,当前未知物品/空展示堆栈回退屏障，停用类别提示保留材料ID。,这不证明任意第三方缺失/异常模型都有可靠回退；相关兼容继续专项验收。
F03-04,Fuse,特殊材料及融合过程反馈,P1,战斗效果已实现；专用原创表现尚未制作,融合/拆卸短反馈；火/冰/弹性3类轻量表现规范,原版着火/减速/击退结果；原生粒子可占位,基于已支持类别，不承诺每个第三方材料独立特效,src/main/java/dev/wildcraft/fuse/FusionCombat.java；art/fuse-v1,一致,/Volumes/仕事/Wildcraft/开发环境/project/src/main/java/dev/wildcraft/fuse/FusionCombat.java:34,火3秒点燃、冰3秒缓慢、弹性击退已实现，未注册专用原创反馈套件。,原生效果可占位；设计轻量过程/命中稿，不许诺每种材料独立特效。
S01,音效配套,料理/能源/机械/制造/Fuse提示音,P1,新增系统没有注册专用原创声音；专注2音已完成,事件清单与原创短音；工作循环按需要后补；母带/OGG/响度,已有focus_enter/exit原件保留；原版音效可暂用,先完成/安装/拆卸/点火/弹出/融合等离散反馈，再补循环；数量按事件定,src/main/resources/assets/wildcraft/sounds.json,一致,/Volumes/仕事/Wildcraft/开发环境/project/src/main/resources/assets/wildcraft/sounds.json:2,本模组自有sounds.json只有focus.enter/exit，包内OGG两份。,新增系统的音频需按离散事件先列数量，工作循环需停止/暂停/耗尽合同。
A09-C,角色完善,披风/鞘翅下的侧腰摆放,P1,路线待完善；目前采用隐藏规则,五类装备摆放适配；标准/细手臂；站/蹲/游泳/滑翔检查,已有A09挂点与A10短落定；原版装备模型,需先出布局并后续接入；不增加库存或第四个伞背负槽,docs/AI-HANDOFF.md；src/client/java/dev/wildcraft/client/render/BackEquipmentLayer.java,一致,/Volumes/仕事/Wildcraft/开发环境/project/src/client/java/dev/wildcraft/client/render/BackEquipmentLayer.java:40,可见披风隐藏三类背负；鞘翅的中央盾/弓抑制有既定规则；尚无侧腰布局。,五类装备适配而不是新库存；最终同尺寸与原生外观需继续验收。
A07-A08-C,角色完善,探索动作衔接复核,P1,基本动作已接入；后续按实际问题润色,攀爬→开伞→取物/拉弓过渡检查；必要的局部关键姿态修订,已有A07/A08标准和细手臂源稿,不重做整套动画；行为即时生效；不以动画延迟攻击/收伞,art/approved-v1；docs/CORE-ART-INTEGRATION.md,一致,/Volumes/仕事/Wildcraft/开发环境/project/src/client/java/dev/wildcraft/client/render/CharacterPoses.java:37,已加载采用的标准/细手臂动作烘焙，核心验收有握点/公开攀爬验证。,本任务是衔接复核，不代表已发现新穿插或需要整套重做。
A13-C,音效完善,专注音效混音复核,P1,2个原创音已接入；主观战斗混音未全面验收,现2段音在战斗/雨雪/设备声下试听；必要时调音量,原OGG/WAV与源工程保留,属于混音复核，不是缺失两段音效或新增技能音乐,art/approved-v1；docs/CORE-ART-VERIFICATION.md,一致,/Volumes/仕事/Wildcraft/开发环境/project/src/client/java/dev/wildcraft/client/focus/FocusClient.java:84,原创进入/退出声实际调用，pitch1、音量.22；主观混音未全面验收。,两原音继续保留，仅按战斗/天气/设备声实际试听调音量。
F07-01,后续天气,风向/强度/阵风反馈,P2,风场机制尚未实现；等待规则定稿,方向/强度提示稿；0–2基础风线精灵预算,原版环境/粒子；已采用伞和机械模型,规则定稿后才锁定状态与动画；不增加第九部件或新能源体系,docs/ROADMAP.md；docs/NEXT-DEVELOPMENT-PLAN.md,一致,/Volumes/仕事/Wildcraft/开发环境/project/docs/ROADMAP.md:34,正式路线仍把风場/风力放P10；当前主代码没有实现风场。,方向/强度/阵风规则先定稿；不先锁风线精灵数量。
F07-02,后续天气,天气对伞与机械的响应,P2,温度的雨雪修正已实现；风天气互动仍待开发,复用伞/翼等的参数响应；必要的雨雪/水中轻量表现,原版雨雪闪电；现温度反馈,不批量重画天气、群系或全屏滤镜；不把雨天攀爬打滑列成已确定机制,docs/ROADMAP.md,一致,/Volumes/仕事/Wildcraft/开发环境/project/docs/P4A-SPEC.md:27,温度当地雨雪修正已做；正式伞/机械风天气响应未做。,复用原版天气和伞/翼参数，不安排群系重画或雨天打滑。
R2-V,后续多人,多人局部林克时间识别提示,P2,仅研究准备/未验证候选；没有正式多人技能,研究通过且作用范围定稿后，确定本人/观察者/目标提示,已有单人准星/后处理/2段音效优先复用,不提前锁定大型时间场/气泡；不把研究界面当正式资产,docs/R2-PREPARATION.md；docs/R2-CHECKPOINT.md,一致,/Volumes/仕事/Wildcraft/开发环境/project/src/main/java/dev/wildcraft/focus/FocusTime.java:62,正式技能仍只允许未发布单人；R2研究候选未验证，未开放多人局部技能。,提示等研究作用集合确定后设计；不把候选实验当正式功能。
