顺序,编号,任务,资产类型,优先级,前置依赖,预计数量范围,占位与复用,当前状态,验收要点
B1-01,A01,精力 HUD,UI/HUD,P0,可独立；沿用短条出首稿,1套组件；5状态；2–3边界稿,现代码短条；原版字体/红心,美术已采用；未接入游戏,多排红心避让；20%低精力；底部经验保留
B1-02,A03,展开伞模型,3D,P0,已采用图标造型约束,1模型；1套三视图；4–8部件预算,现Java模型占位,美术已采用；未接入游戏,握点/坐标/UV说明；bbmodel需开发接入
B1-03,A04,展开伞纹理,2D纹理,P0,A03 UV,1张128×64图集；1分层源稿,现纹理占位,美术已采用；未接入游戏,木/布分区；上下/内外侧
B1-04,A05,伞物品图标一致性,2D图标,P0,A03/A04,现32/16两张；新增0–2张,复用本对话已采用版本,已采用图标复核完成，保留原稿；未接入游戏,无需从零重画；实际16槽显示检查
B1-05,A06,伞装备空槽,2D/UI,P0,同一伞轮廓,1张16×16；3布局状态,18×18现槽框；物品用A05,美术已采用；未接入游戏,灰色轮廓；空/有/悬停
B2-01,A07,滑翔手臂与姿态,动画/姿态,P1,A03握点；A09协同,2手臂适配；1第一人称稿；3–5姿态,原版角色/皮肤,美术已采用；未接入游戏,标准/纤细握点；第一人称中心视野；关键帧/中断恢复；需开发接入
B2-02,A08,攀爬动作,动画,P1,当前攀爬规则,6类表现；20设计关键姿态；7段168帧原生参考,原版骨骼；镜像/插值,美术已采用；未接入游戏,墙面/沿顶间距；镜像/反向；真实位移驱动；不加新动作规则；需开发接入
B2-03,A09,背负摆放与挂点,3D摆放/参数,P1,A07协同,5类摆放；4姿态；20基础检查组合,原版物品模型；新模型0,美术已采用；未接入游戏,背负/手持世界尺寸比1.00；持物互斥；披风/鞘翅；原生盾图案/染色/附魔；需开发接入
B3-01,A11,林克时间画面,Shader/后处理,P1,同场景同相机对照,1套参数；8对照稿；贴图0,现Shader/程序轮廓,美术已采用；未接入游戏,10/15/20%；中心无边缘遮挡；暗角/纹理独立；暗部曝光模拟；WebGL预览非实机验证
B3-02,A12,准星与低精力提示,UI/HUD,P1,A01配色,2状态；1安全区规格；贴图0–1,现程序细线,美术已采用；未接入游戏,A01绿色/琥珀；静态颜色与形状区分；中心11×11；轻闪/FOV默认关；实机接入另验
B3-03,A14,模组品牌图标,2D品牌,P1,视觉规范稳定,1源稿；128×128导出；2缩略检查,测试核心暂占位,美术已采用；未接入游戏,与测试核心分离；原生128；九实色+透明；16/32缩略；源稿/PNG重开像素一致；实机列表待接入
B3-04,A13,专注进入/退出音,音频配套,P2,音频工具与开发接入,2音效；低精力音可选0–1,原版紫水晶声音,美术已采用；未接入游戏,0.48/0.44秒；48kHz单声道；无削波与静音尾垫；浏览器播放/音量已验；实际战斗混音待接入；不新增技能音乐
B5-01,A10,收起取出过渡,动画,P3,A09稳定,2–3模板；6–12关键帧预算,现瞬时切换,美术已采用；未接入游戏,140–200ms；切换后局部归位；尺寸比1.00；实际使用即时归位/失效移除；模型与浏览器检查已验；实机衔接待接入
B5-02,A15,表现设置页,UI,P3,统一风格稳定,1布局；0–4小图标,原版按钮/字体/背景,美术已采用；未接入游戏,保留schema1/默认/即时保存；关闭效果偏好可编辑；小窗口/键盘/中英文；A14复用；新增生产贴图0；实际原生GUI接入另验
保留,A02,红心,2D/UI,条件项,只有整体重绘另行启动,本轮0,原版状态全套,复用,重绘需完整状态矩阵
保留,A16,测试核心,2D,保留,无,新增0,现PNG/JSON,保留现有,不当正式能源核心
B4-01,F01,料理,2D/UI/粒子,条件P2,菜品类别/容器/效果位置稳定,3–6菜品外形预算；1–2布局；特效与温度合计0–3基础,3组已采用效果图标；容器层复用,效果储备已采用；系统正式资产待启动,效果图标与菜品图区分
B4-02,F02,温度,UI/2D/粒子,条件P2,分级与HUD确定,1组件；5–7状态预算,温度待审稿；参数刻度；原版粒子,待系统启动,上暖下冷；普通冷热不伤害/强制状态
B4-03,F03,Fuse,2D/3D/特效,条件P2,组合/挂点/展示规则稳定,3–6模块预算；1结合特效,原版武器本体；当前标记待审,待系统启动,不为每一组合全量建模
B4-04,F04,能源电池,2D/3D/UI,条件P2,容量/朝向/实体形式稳定,1–2模型；1图集；1界面,已采用满/空电量图标；遮罩三格,图标储备已采用；系统资产待启动,数字字体；窗口区域程序填充
B4-05,F05,八类机械,3D/2D/动画,条件P2,类别/尺寸/碰撞/交互稳定,若8类进入制作则8模型；2–4图集；4–8循环预算,共享外壳/轴/接头；参数转动,待系统启动,先验证1台代表机械；复杂物理暂缓
B4-06,F06,古代装置制造机,3D/2D/UI/动画,条件P2,入口/出口/配方/操作结构稳定,1模型；1–2图集；1界面；3状态稿,机械材质；程序进度/动件,待系统启动,不增升级款/建筑
B4-07,F07,天气互动,粒子/动画/Shader,条件P2,实际互动规则实现,0–2精灵；0–2设备响应；全屏Shader0,原版雨雪/闪电/粒子,待系统启动,程序方向/速度/寿命
保留,F08,环境结构,环境/结构,不启动,必要结构用途另列,当前0,原版生物群系/地形/方块,复用,不做神庙/新维度/谜题/世界事件
