编号,资产/设计任务,现状,建议优先级,交付及接入说明,状态
A01,左上角精力 HUD,文字 + 短矩形条，代码绘制；正常绿色、低精力琥珀色,首批,布局源稿、尺寸/间距/配色规格、满/消耗/恢复/低/空状态稿；沿用短条可改绘制，采用贴图则需接入；环形为可选方向，未定稿,待设计；本次未制作
A02,红心视觉统一,只移动原版红心坐标，原版状态仍完整,条件项,默认继续用原版；若重绘，必须覆盖满/半/空、闪烁、中毒、凋零、冰冻、吸收、极限模式及其适用组合，先列原版状态矩阵再做 sprite,条件制作
A03,展开滑翔伞模型,三片薄盒伞面和框架，几何在 Java 中，没有 Blockbench 源文件,首批,可编辑模型（建议 `.bbmodel`）、正侧俯视稿、部件命名/挂点/UV 图；由开发者导入或转写当前模型层，模型文件不能直接替代 Java,待设计；本次未制作
A04,展开滑翔伞纹理,128×64 PNG，米色布面/绿色条纹/木架,首批,与 A03 同步做 UV 和材质细节；首版建议保留 128×64，提供分层源稿 + PNG；改图集尺寸时同步模型，不先单独放大贴图,待设计；本次未制作
A05,滑翔伞物品图标,32×32 PNG，有原创 SVG 源稿；物品采用平面模型,首批,重绘 32×32 透明图标与源稿；缩到 16×16 的槽内仍可识别；与展开模型同一造型/纹样，先做平面图标即可,待设计；本次未制作
A06,滑翔伞装备位,16×16 灰色空槽图标；18×18 槽框由代码画出,首批,16×16 透明空槽图标与源稿；空/有物品/悬停三种布局稿。槽框可以继续用现有原版风格，定制框需开发接入；不是新增装备位,待设计；本次未制作
A07,滑翔双手与姿态,第三人称固定抬臂；第一人称隐藏手与物品，没有专用抓伞手部显示,重点,双手握点、标准/纤细手臂、身体悬挂姿态稿；第一人称抓握视图与遮挡范围稿；可附关键帧，需客户端渲染开发，不是新的玩家皮肤,待设计；本次未制作
A08,攀爬动作,原版玩家外观，没有专用手脚攀爬动画,重点,抓墙静止、上/下/横移、放手、登顶的姿态/关键帧稿；按已实现动作制作，不加攀爬跳跃/新动作规则；表现仍需开发接入,待设计；本次未制作
A09,背负摆放与挂点,原版近战/盾/弓模型直接挂身体，固定缩放；披风隐藏三类，鞘翅隐藏中央盾/弓,重点,正背侧视摆放稿、挂点/旋转/缩放表、持物互斥图；覆盖剑/斧/盾/弓/弩与蹲/游泳/滑翔姿态。保留原版物品外观，重点处理层次和穿插,待设计；本次未制作
A10,收起/取出过渡,手和背瞬时切换，未实现短动画,后续,简短关键帧/时序稿，记录中断后的视觉归位；先设计，再在角色表现阶段接入。没有新背包容量或额外真实物品副本,待设计；本次未制作
A11,林克时间画面效果,代码实现轻去饱和/冷色/暗角/程序化轮廓；有关闭/弱/标准/强,重点,同场景前后对照、强度/色调/边缘参数稿、暗角及纹理开关稿；修改着色器和生成器，不将整个滤镜交付成一张覆盖图,待设计；本次未制作
A12,林克时间准星/低精力提示,四段细线；低精力变琥珀色；可选微弱边缘轻闪,重点,中心安全区、线长/间距/颜色/低精力状态稿；可选 sprite，但当前直接画线。先保留静态可辨识提示，轻闪和 FOV 默认关闭,待设计；本次未制作
A13,林克时间进入/退出声音,引用原版紫水晶音效，用不同音高,建议完善,两个原创短音效、响度和时长说明、可编辑音频源稿及 OGG；需要音效注册接入。低精力提示音可后补，暂不新增技能音乐,待设计；本次未制作
A14,Wildcraft 模组图标,128×128，使用测试核心图案；有核心像素源数据，无独立品牌源稿,建议完善,原创模组标识源稿、128×128 PNG；优先保证小尺寸辨识，可另出高分辨率展示版，保持与游戏资产一致,待设计；本次未制作
A15,表现设置页,F8 打开原版按钮界面；无自有背景/按钮贴图,后续,仅在确定统一 UI 风格后做页面稿和所需小图标；当前功能可以继续使用原版按钮，不需要重绘整套菜单,待设计；本次未制作
A16,P0 测试核心,16×16 PNG + 像素 JSON，仅验证工程,保留,保留开发测试图标及原源数据，不把它当正式能源核心重做；A14 与它分离即可,保留现有
