编号,用途,制作包,可编辑源稿,导出或参数,规格,预览,接入顺序,现项目入口,验收重点,当前采用状态
A01,精力 HUD,01-核心界面与滑翔伞/A01-精力HUD-v1,source/stamina-hud-atlas.aseprite,deliverable/stamina-hud-atlas.png,deliverable/stamina-hud-spec.json,deliverable/preview.html,I02,src/client/java/dev/wildcraft/client/hud/StaminaHud.java,112×7；内区108×3；20%琥珀；多排红心避让；原版底部经验与显示时序保留,美术已采用；未接入游戏
A03,展开滑翔伞模型,01-核心界面与滑翔伞/A03-A04-展开滑翔伞-v1,source/paraglider-open.bbmodel；source/paraglider-open.blend,source/geometry-and-uv.json,deliverable/grip-and-coordinate-spec.json,deliverable/preview.html,I03,src/client/java/dev/wildcraft/client/render/ParagliderLayer.java,自由网格22部件；176顶点/264三角；必须适配几何与UV，不能改扩展名直接导入,美术已采用；未接入游戏
A04,展开滑翔伞纹理,01-核心界面与滑翔伞/A03-A04-展开滑翔伞-v1,source/paraglider-texture-128x64.aseprite,deliverable/paraglider-texture-128x64.png,deliverable/grip-and-coordinate-spec.json,deliverable/preview.html,I03,src/main/resources/assets/wildcraft/textures/entity/paraglider.png,128×64统一图集；与A03配套替换；旧Java模型UV不同，不能单独换图,美术已采用；未接入游戏
A05,滑翔伞物品图标,01-核心界面与滑翔伞/A05-A06-滑翔伞图标与装备槽-v1,source/approved-paraglider-32.aseprite；source/approved-paraglider-16.aseprite,references/paraglider-32.png；references/paraglider-16.png,deliverable/slot-state-spec.json,deliverable/preview.html,I01,src/main/resources/assets/wildcraft/textures/item/paraglider.png,32主资源/16独立适配保留；不增加自动切换规则；实测16格显示轮廓,美术已采用；未接入游戏
A06,滑翔伞装备空槽,01-核心界面与滑翔伞/A05-A06-滑翔伞图标与装备槽-v1,source/paraglider-empty-slot-16.aseprite,deliverable/paraglider-empty-slot-16.png,deliverable/slot-state-spec.json,deliverable/preview.html,I01,src/main/resources/assets/wildcraft/textures/gui/sprites/container/slot/paraglider.png,16灰色图标嵌入现18槽框；空槽显示，有物品隐藏；生存/创造/悬停检查,美术已采用；未接入游戏
A07,滑翔握持与姿态,02-角色表现/A07-滑翔握持与姿态-v1,source/gliding-pose-rig.blend,deliverable/grip-pose-spec.json,deliverable/grip-pose-spec.json,deliverable/review.html,I03,src/client/java/dev/wildcraft/mixin/client/ParagliderPoseMixin.java,依赖A03新握点；标准/纤细；28帧与5关键姿态；第一人称中心视野；中断恢复,美术已采用；未接入游戏
A08,攀爬动作,02-角色表现/A08-攀爬动作-v1,source/climbing-motion-rig.blend,deliverable/climbing-motion-spec.json,deliverable/climbing-motion-spec.json,deliverable/review.html,I04,src/main/java/dev/wildcraft/traversal/Climbing.java；src/main/java/dev/wildcraft/network/ClimbView.java,六类/七变体、168采样；真实位移和接触驱动；镜像/反向；不新增攀爬规则,美术已采用；未接入游戏
A09,背负装备摆放与挂点,02-角色表现/A09-背负装备挂点-v1,source/back-equipment-placement.blend,deliverable/attachment-layout-spec.json,deliverable/attachment-layout-spec.json,deliverable/review.html,I04,src/client/java/dev/wildcraft/client/render/BackEquipmentLayer.java；src/client/java/dev/wildcraft/mixin/client/BackAvatarMixin.java,五装备/四姿态/两手臂；背负与第三人称手持尺寸比1.00；原版物品外观和引用互斥保留,美术已采用；未接入游戏
A10,背负装备收取过渡,02-角色表现/A10-背负装备收取过渡-v1,source/equipment-transition-rig.blend,deliverable/transition-spec.json,deliverable/transition-spec.json,deliverable/review.html,I04（A09之后）,src/client/java/dev/wildcraft/client/render/BackEquipmentLayer.java；src/client/java/dev/wildcraft/mixin/client/BackAvatarMixin.java,三类140–200ms局部归位；20场景/192采样；比例恒定；攻击/使用/格挡立即让位原版,美术已采用；未接入游戏
A11,林克时间画面,03-专注与识别/A11-林克时间画面-v1,source/focus-shade.glsl；source/focus-proposal.fsh,deliverable/focus-art-spec.json,deliverable/focus-art-spec.json,deliverable/review.html,I05,src/client/resources/assets/wildcraft/shaders/post/focus.fsh；src/client/java/dev/wildcraft/client/datagen/FocusEffectProvider.java,10/15/20%强度；暗角/纹理独立；保留客户端UBO和通道契约；原生编译/夜景/HUD层序待验,美术已采用；未接入游戏
A12,专注准星与低精力提示,03-专注与识别/A12-专注准星与低精力提示-v1,source/reticle-geometry.json；source/reticle-preview.js,deliverable/reticle-draw-spec.json,deliverable/reticle-draw-spec.json,deliverable/review.html,I05,src/client/java/dev/wildcraft/client/focus/FocusClient.java,程序化细线；中心11×11空白；低值琥珀+外刻度；整数GUI位置；生产贴图0,美术已采用；未接入游戏
A13,专注进入/退出音效,03-专注与识别/A13-专注进入退出音效-v1,source/sound-design.json；source/focus-enter-master.wav；source/focus-exit-master.wav,deliverable/focus_enter.ogg；deliverable/focus_exit.ogg,deliverable/focus-sound-spec.json,deliverable/review.html,I05,src/client/java/dev/wildcraft/client/focus/FocusClient.java；项目声音事件/语言资源生成入口,原创48kHz单声道；0.48/0.44秒；pitch1.0；事件只在状态边沿触发；战斗混音待验,美术已采用；未接入游戏
A14,模组品牌图标,03-专注与识别/A14-模组品牌图标-v1,source/wildcraft-brand-128.aseprite,deliverable/wildcraft-brand-128.png,deliverable/brand-icon-spec.json,deliverable/review.html,I01,src/main/resources/assets/wildcraft/icon.png；src/main/resources/fabric.mod.json,原生128索引稿；九实色+透明；16/32仅缩略检查；与测试核心分离,美术已采用；未接入游戏
A15,表现设置页,03-专注与识别/A15-表现设置页-v1,source/layout-guide.svg；source/default-options-reference.json,deliverable/ui-copy-proposal.json,deliverable/settings-page-spec.json,deliverable/review.html,I06,src/client/java/dev/wildcraft/client/focus/FocusSettingsScreen.java；src/client/java/dev/wildcraft/client/focus/FocusOptions.java,既有六字段/schema1/即时保存/F8入口；关闭表现保留偏好；小窗口/键盘/中英文；复用A14,美术已采用；未接入游戏
