recipe,ingredient,count,output,output_count
battery,minecraft:copper_ingot,4,wildcraft:battery,1
battery,minecraft:iron_ingot,4,wildcraft:battery,1
battery,minecraft:redstone,1,wildcraft:battery,1
buoyancy,minecraft:leather,4,wildcraft:buoyancy,1
buoyancy,minecraft:oak_boat,1,wildcraft:buoyancy,1
charger,minecraft:copper_ingot,3,wildcraft:charger,1
charger,minecraft:iron_ingot,5,wildcraft:charger,1
charger,minecraft:redstone,1,wildcraft:charger,1
cooking_pot,minecraft:bucket,1,wildcraft:cooking_pot,1
cooking_pot,minecraft:iron_ingot,7,wildcraft:cooking_pot,1
fabricator,minecraft:copper_ingot,2,wildcraft:fabricator,1
fabricator,minecraft:furnace,1,wildcraft:fabricator,1
fabricator,minecraft:iron_ingot,4,wildcraft:fabricator,1
fabricator,minecraft:redstone_block,1,wildcraft:fabricator,1
fan,minecraft:copper_ingot,3,wildcraft:fan,1
fan,minecraft:iron_ingot,1,wildcraft:fan,1
fan,minecraft:redstone,1,wildcraft:fan,1
machine_body,minecraft:copper_ingot,2,wildcraft:machine_body,1
machine_body,minecraft:iron_ingot,6,wildcraft:machine_body,1
machine_body,minecraft:oak_planks,1,wildcraft:machine_body,1
paraglider,minecraft:leather,3,wildcraft:paraglider,1
paraglider,minecraft:stick,4,wildcraft:paraglider,1
rocket,minecraft:copper_ingot,2,wildcraft:rocket,1
rocket,minecraft:fire_charge,1,wildcraft:rocket,1
rocket,minecraft:paper,2,wildcraft:rocket,1
spent_rocket_recycling,wildcraft:spent_rocket,1,minecraft:copper_ingot,1
spring,minecraft:iron_ingot,4,wildcraft:spring,1
spring,minecraft:redstone,1,wildcraft:spring,1
stabilizer,minecraft:copper_ingot,2,wildcraft:stabilizer,1
stabilizer,minecraft:iron_ingot,2,wildcraft:stabilizer,1
stabilizer,minecraft:redstone,1,wildcraft:stabilizer,1
wheel,minecraft:copper_ingot,1,wildcraft:wheel,1
wheel,minecraft:iron_ingot,4,wildcraft:wheel,1
wing,minecraft:copper_ingot,1,wildcraft:wing,1
wing,minecraft:feather,1,wildcraft:wing,1
wing,minecraft:leather,2,wildcraft:wing,1
wing,minecraft:oak_planks,3,wildcraft:wing,1
